{"cameraMode":{"drawMode":0,"name":"Shaded","section":"Shading Mode"},"sceneLighting":false,"audioPlay":false,"sceneViewState":{"showFog":true,"showMaterialUpdate":false,"showSkybox":false,"showFlares":true,"showImageEffects":true,"showParticleSystems":true},"in2DMode":false,"pivot":{"x":2.884000062942505,"y":0.08500000834465027,"z":-0.29230308532714846},"rotation":{"x":-0.05297103524208069,"y":0.9454392790794373,"z":-0.19737549126148225,"w":-0.25373518466949465},"size":5.7157673835754398,"orthographic":false}